Year,Month,Day,Time,End Year,End Month,End Day,End Time,Display Date,Headline,Text,Media,Media Credit,Media Caption,Media Thumbnail,Type,Group,Background,
2004,1,1,,,,,,"January 1, 2004","A Drop of an Idea Starts a Ripple
","WaterSense holds stakeholder meetings across the country to get input on designing a national, voluntary market-based program for promoting water-efficient products.",https://www.epa.gov/sites/production/files/styles/large/public/ws-aboutus-timeline010104.png,,,https://www.epa.gov/sites/production/files/styles/large/public/ws-aboutus-timeline010104.png,,,#117fb4,
2006,6,12,,,,,,"June 12, 2006",EPA's WaterSense Program Launched,"<p>Former <a href=""https://yosemite.epa.gov/opa/admpress.nsf/a162fa4bfc0fd2ef8525701a004f20d7/8f14094cb54edf158525718b004f6bd9!OpenDocument"" target=""_blank"">Administrator Stephen Johnson</a> announced EPA's new WaterSense program at the American Water  Works Association's Annual Conference &amp; Exposition in San Antonio, TX. Read the <a href=""https://yosemite.epa.gov/opa/admpress.nsf/27166bca9a9490ee852570180055e350/bfb97611364cb2b98525718b0052bb53!OpenDocument"" target=""_blank"">press release</a>. </p>",https://www.epa.gov/sites/production/files/styles/large/public/ws-aboutus-timeline-watersense-logo.jpg,,,https://www.epa.gov/watersense/images/timeline061206.jpg,,,#117fb4,
2006,10,31,,,,,,"October 31, 2006",WaterSense is Growing!,"<p>With the release of these first specifications, WaterSense is pleased to invite organizations that share a commitment to water efficiency to become program partners. <a href=""https://www.epa.gov/watersense/find-pro"" target=""_blank"">Certified landscape irrigation professionals</a>,<a href=""https://www.epa.gov/watersense/join-watersense#certifying-organizations"" target=""_blank""> professional certifying organizations</a>, and <a href=""https://www.epa.gov/watersense/join-watersense#utilities"" target=""_blank"">promotional partners</a> are the first partners eligible to join WaterSense.</p>",https://www.epa.gov/sites/production/files/styles/large/public/ws-aboutus-timeline-wspartner-logo.jpg,,,https://www.epa.gov/watersense/images/timeline033106.jpg,,,#117fb4,
2006,11,1,,,,,,"November 1, 2006",Test Your WaterSense Quiz Unveiled ,"WaterSense is proud to announce its new <a href=""https://www.epa.gov/watersense/watersense-kids"" target=""_blank"">Test Your WaterSense</a> interactive quiz. Help guide the water efficiency hero <em>Flo </em>through water pipes and answer water-efficiency questions while avoiding water-wasting monsters such as <em>Sogosaurus</em> and <em>Drainiac</em>.",https://www.epa.gov/sites/production/files/styles/large/public/ws-aboutus-timeline110106.png,,,https://www.epa.gov/watersense/images/timeline110106.png,,,#117fb4,
2007,1,1,,,,,,"January 1, 2007",2006 Accomplishments Report Published ,"<p>Since it's launch on June 12, 2006, WaterSense has experienced significant growth and has big plans for the future! Read more on the program's inaugural year accomplishments in the <a href=""https://www.epa.gov/sites/production/files/2017-02/documents/ws-aboutus-2006-accomplishments.pdf"" target=""_blank"">WaterSense 2006 Accomplishments Report</a> (4 pp, 452K, <a href=""https://www.epa.gov/epahome/pdf.html"" target=""_blank"">About PDF</a>). </p>",https://www.epa.gov/sites/production/files/styles/large/public/ws-aboutus-timeline010107.png,,,https://www.epa.gov/watersense/images/timeline010107.png,,,#117fb4,
2007,1,12,,,,,,"January 12, 2007",Join the Water Efficiency Bandwagon,"<p>With the release of the high-efficiency toilet specification, WaterSense is pleased to invite <a href=""https://www.epa.gov/watersense/join-watersense#manufacturers"" target=""_blank"">manufacturers</a>, <a href=""https://www.epa.gov/watersense/join-watersense#retailers-distributors"" target=""_blank"">retailers and distributors</a> that share a commitment to water efficiency to become program partners.</p>",https://www.epa.gov/sites/production/files/styles/large/public/ws-aboutus-timeline-wspartner-logo.jpg,,,https://www.epa.gov/watersense/images/timeline033106.jpg,,,#117fb4,
2007,1,24,,,,,,"January 24, 2007",Labeled Toilets Hit the Shelves ,"<p>The WaterSense label appears on its first products&mdash;<a href=""https://epa.gov/watersense/products/toilets.html"" target=""_blank"">high-efficiency toilets</a>. Replacing your older, existing toilet with a <a href=""https://www.epa.gov/watersense/product_search.html?Category=2"" target=""_blank"">WaterSense labeled model</a> could save 4,000 gallons per year without sacrificing performance!</p>",https://www.epa.gov/sites/production/files/styles/large/public/ws-aboutus-timeline012407.png,,,https://www.epa.gov/watersense/images/timeline012407.png,,,#117fb4,
2007,10,1,,,,,,"October 1, 2007",Labeled Faucets Stop Washing $ Down the Drain," <p>
The WaterSense label is awarded to <a href=""https://epa.gov/watersense/products/bathroom_sink_faucets.html"" target=""_blank"">bathroom sink faucets and faucet accessories</a> for the first time! <a href=""https://www.epa.gov/watersense/product_search.html?Category=1"" target=""_blank"">Find WaterSense labeled bathroom sink faucets or faucet accessories</a>. </p>",https://www.epa.gov/sites/production/files/styles/large/public/ws-aboutus-timeline100107.png,,,https://www.epa.gov/watersense/images/timeline100107.png,,,#117fb4,
2008,1,1,,,,,,"January 1, 2008",2007 Accomplishments Report ,"<p>Read more on how WaterSense helped save water in the <a href=""https://www.epa.gov/sites/production/files/2017-02/documents/ws-aboutus-2007-accomplishments.pdf"" target=""_blank""> WaterSense 2007 Accomplishments Report</a> (4 pp, 452K, <a href=""https://www.epa.gov/epahome/pdf.html"" target=""_blank"">About PDF</a>). </p>",https://www.epa.gov/sites/production/files/styles/large/public/ws-aboutus-timeline010108.png,,,https://www.epa.gov/watersense/images/timeline010108.png,,,#117fb4,
2008,1,10,,,,,,"January 10, 2008",State Organizations join the State Challenge,<p>The WaterSense State Challenge helps state organizations build a state network of WaterSense partners to provide consistency in educating the public and will amplify statewide efforts to make water efficiency a priority.</p>,https://www.epa.gov/sites/production/files/styles/large/public/ws-aboutus-timeline011008.png,,,https://www.epa.gov/watersense/images/timeline011008.png,,,#117fb4,
2008,2,1,,,,,,"February 1, 2008",Toilet Selection Tops 100!,"<p>Less than one year after hitting the shelves, more than 100 models of high-efficiency toilets have earned the <a href=""https://www.epa.gov/watersense/watersense-label"" target=""_blank"">WaterSense label</a>.</p>",https://www.epa.gov/sites/production/files/styles/large/public/ws-aboutus-timeline020108.jpg,,,https://www.epa.gov/watersense/images/falw-toilet.jpg,,,#117fb4,
2008,3,1,,,,,,"March 1, 2008",Take the WaterSense Pledge!,WaterSense offers simple steps and a pledge to help consumers reduce their household water use by 30% in 2008.</p>,https://www.epa.gov/sites/production/files/styles/large/public/ws-aboutus-timeline030108.png,,,https://www.epa.gov/watersense/images/pledges.jpg,,,#117fb4,
2008,4,15,,,,,,"April 15, 2008",WaterSense Kids Website Launched,"<p>
  WaterSense proudly announces its new kids website</a> where  kids can play &quot;Test Your WaterSense</a>,&quot; and <a href=""https://www.epa.gov/watersense/watersense-kids"" target=""_blank"">educators can download helpful water-efficiency resources</a>.</p>",https://www.epa.gov/sites/production/files/styles/large/public/ws-aboutus-timeline041508.png,,,https://www.epa.gov/watersense/images/timeline041508.png,,,#117fb4,
2008,4,25,,,,,,"April 25, 2008",WaterSense TODAY SHOW Debut,"WaterSense is featured on the TODAY SHOW during a segment about ""greening your bathroom."" Please note that households waste 11,000 gallons per year, not 900 billion gallons as stated by the host.",https://www.epa.gov/sites/production/files/styles/large/public/ws-aboutus-timeline042508.png,,,https://www.epa.gov/watersense/images/timeline042508.png,,,#117fb4,
2008,10,9,,,,,,"October 9, 2008",Three Cheers for the Partners of the Year! ,"<p>
WaterSense recognized a select group of partners for their <a href=""https://www.epa.gov/sites/production/files/2017-03/documents/ws-about-2008-awards-fact-sheet.pdf"" target=""_blank"">outstanding accomplishments in increasing water efficiency</a> (2 pp, 857K, <a href=""https://www.epa.gov/epahome/pdf.html"" target=""_blank"">About PDF</a>) across the country. Read the <a href=""https://yosemite.epa.gov/opa/admpress.nsf/d0cf6618525a9efb85257359003fb69d/85fcaffd326429d6852574dd004c83f7%21OpenDocument"" target=""_blank"">press release</a> to learn more.</p>

",https://www.epa.gov/sites/production/files/styles/large/public/ws-aboutus-timeline100908.png,,,https://www.epa.gov/watersense/images/timeline100908.png,,,#117fb4,
2008,11,25,,,,,,"November 25, 2008",WaterSense Pilots New Homes,"<p>WaterSense builder partner Vanguard Homes, constructed the first home in the nation to meet EPA's <a href=""https://www.epa.gov/watersense/homes-specification"" target=""_blank"">Draft Single-Family New Home Specification</a>. Read the <a href=""https://yosemite.epa.gov/opa/admpress.nsf/d0cf6618525a9efb85257359003fb69d/c7fa24559ea380058525750c0063ecc6%21OpenDocument"" target=""_blank"">press release</a> and view the <a href=""https://www.wral.com/news/local/video/4030177"" target=""_blank"">news coverage</a>.</p>",https://www.epa.gov/sites/production/files/styles/large/public/ws-aboutus-timeline112508.png,,,https://www.epa.gov/watersense/images/timeline112508.png,,,#117fb4,
2009,1,1,,,,,,"January 1, 2009",2008 Accomplishments Report,"<p>Read more on how WaterSense helped save water in the <a href=""https://www.epa.gov/sites/production/files/2017-02/documents/ws-aboutus-2008-accomplishments.pdf"" target=""_blank"">WaterSense 2008 Accomplishments Report</a> (4 pp, 796K, <a href=""https://www.epa.gov/epahome/pdf.html"" target=""_blank"">About PDF</a>). </p>",https://www.epa.gov/sites/production/files/styles/large/public/ws-aboutus-timeline010109.png,,,https://www.epa.gov/watersense/images/timeline010109.png,,,#117fb4,
2009,3,16,,,,,,"March 16, 2009",Stop That Leak!,"<p>March 16-20, 2009, marks WaterSense's first Fix a Leak Week, a time to remind Americans of the environmental and economic benefits to fixing leaks from household plumbing fixtures and irrigation systems. Read the <a href=""https://yosemite.epa.gov/opa/admpress.nsf/0/F4B289B8DA68A3808525757B004D099E"" target=""_blank"">press release</a>.</p>",https://www.epa.gov/sites/production/files/styles/large/public/ws-aboutus-timeline031609.png,,,https://www.epa.gov/watersense/images/timeline031609.png,,,#117fb4,
2009,7,10,,,,,,"July 10, 2009","Wash the Dishes, Save Some Water","<p>WaterSense issues a Notification of Intent (NOI) to develop a specification for pre-rinse spray valves in order to improve water and energy efficiency. Visit the <a href=""https://www.epa.gov/WaterSense/products/prsv.html"" target=""_blank"">Pre-Rinse Spray Valves</a> page for more information.</p>",https://www.epa.gov/sites/production/files/styles/large/public/ws-aboutus-timeline071009.png,,,https://www.epa.gov/watersense/images/timeline071009.png,,,#117fb4,
2009,9,1,,,,,,"September 1, 2009",Never Too Young to Save Water,"<p>WaterSense has <a href=""https://www.epa.gov/watersense/watersense-kids#tab-4"" target=""_blank"">developed lessons for grades 3-5</a> that focus on saving water through finding leaks. The free resources offer step-by-step instructions for teachers and include ready-made worksheets for students.</p>",https://www.epa.gov/sites/production/files/styles/large/public/ws-aboutus-timeline090109.png,,,https://www.epa.gov/watersense/images/timeline090109.png,,,#117fb4,
2009,10,5,,,,,,October 5. 2009,Flushing Urinals Earn the WaterSense Label,"<p>The WaterSense label is available for <a href=""https://www.epa.gov/watersense/urinals"" target=""_blank"">flushing urinals</a>. <a href=""https://www.epa.gov/watersense/product_search.html?Category=3"" target=""_blank"">Find WaterSense Labeled Urinals</a>.</p>",https://www.epa.gov/sites/production/files/styles/large/public/ws-aboutus-timeline100509.png,,,https://www.epa.gov/watersense/images/timeline100509.png,,,#117fb4,
2009,10,7,,,,,,"October 7, 2009",Kudos to the Partners of the Year!,"<p>The <a href=""https://www.epa.gov/sites/production/files/2017-03/documents/ws-about-2009-awards-fact-sheet.pdf"" target=""_blank"">2009 Partner of the Year Award winners</a> (4 pp, 892K, <a href=""https://www.epa.gov/epahome/pdf.html"" target=""_blank"">About PDF</a>) have made extraordinary efforts to advance the WaterSense program and show how working together can help customers and communities of all sizes save water. Read the <a href=""https://yosemite.epa.gov/opa/admpress.nsf/ec5b6cb1c087a2308525735900404445/069e3009ae452e5f85257649004d2ed4%21OpenDocument"" target=""_blank"">press release.</a>",https://www.epa.gov/sites/production/files/styles/large/public/ws-aboutus-timeline100709.png,,,https://www.epa.gov/watersense/images/timeline100709.png,,,#117fb4,
2009,12,10,,,,,,"December 10, 2009",WaterSense Labeled New Homes are on the Way!,"<p><a href=""https://www.epa.gov/watersense/homes"" target=""_blank"">WaterSense labeled new homes</a> are designed to reduce residential water use indoors and outdoors. <a href=""https://www.epa.gov/watersense/watersense-labeled-homes"" target=""_blank"">Buying a WaterSense labeled new home</a> is a smart investment that will help save water for your community and future generations.</p>",https://www.epa.gov/sites/production/files/styles/large/public/ws-aboutus-timeline121009.png,,,https://www.epa.gov/watersense/images/timeline121009.png,,,#117fb4,
2010,1,1,,,,,,"January 1, 2010",2009 Accomplishments Report,"<p>Read more on how WaterSense helped save water in the <a href=""https://www.epa.gov/sites/production/files/2017-02/documents/ws-aboutus-2009-accomplishments.pdf"" target=""_blank"">2009 Accomplishments Report</a> <a href=""https://www.epa.gov/WaterSense/docs/ws_accomplishments09_508.pdf"" target=""_blank"">(6 pp, 1.1MB, <a href=""https://www.epa.gov/epahome/pdf.html"" target=""_blank"">About PDF</a>).</p>",https://www.epa.gov/sites/production/files/styles/large/public/ws-aboutus-timeline010110.png,,,https://www.epa.gov/watersense/images/timeline010110.png,,,#117fb4,
2010,2,1,,,,,,"February 1, 2010",WaterSense Facebook Fan Page Launched ,"<p>Become a <a href=""https://www.facebook.com/#%21/pages/WaterSense/216575194500?ref=ts"" target=""_blank"">fan of WaterSense today</a> and get updates on WaterSense activities and fun facts about saving water.</p>",https://www.epa.gov/sites/production/files/styles/large/public/ws-aboutus-timeline020110.png,,,https://www.epa.gov/watersense/images/timeline020110.png,,,#117fb4,
2010,3,4,,,,,,"March 4, 2010",WaterSense Labeled Showerheads,"<p>The WaterSense label is awarded to <a href=""https://www.epa.gov/WaterSense/products/showerheads.html"" target=""_blank"">showerheads</a> for the first time! <a href=""https://www.epa.gov/watersense/product_search.html?Category=4"" target=""_blank"">Find WaterSense Labeled Showerheads</a>.</p>",https://www.epa.gov/sites/production/files/styles/large/public/ws-aboutus-timeline030410.png,,,https://www.epa.gov/watersense/images/timeline030410.png,,,#117fb4,
2010,3,15,,,,,,"March 15, 2010",2nd Annual Fix a Leak Week ,"<p>From March 15-21, WaterSense partners and other organizations helped spread the word, hosting dozens of events in the second-annual WaterSense Fix a Leak Week. Read the <a href=""https://yosemite.epa.gov/opa/admpress.nsf/bd4379a92ceceeac8525735900400c27/a49b12c1d9994453852576e400510d05%21OpenDocument&amp;Highlight=2,watersense"" target=""_blank"">press release</a>.</p>",https://www.epa.gov/sites/production/files/styles/large/public/ws-aboutus-timeline031510.jpg,,,https://www.epa.gov/watersense/images/west_va.jpg,,,#117fb4,
2010,7,14,,,,,,"July 14, 2010",Flo Hits the Road ,"<p>WaterSense launches <em><a href=""https://www.epa.gov/watersense/im-water-pledge"" target=""_blank"">We're for Water</a>,</em> a national outreach campaign to help consumers save water. The campaign  kicked off with a cross-country road trip from Los Angeles to New York City. Read the <a href=""https://yosemite.epa.gov/opa/admpress.nsf/d0cf6618525a9efb85257359003fb69d/a42cea9369d7f1ff85257760004b202a%21OpenDocument"" target=""_blank"">press release</a>.</p>",https://www.epa.gov/sites/production/files/styles/large/public/ws-aboutus-timeline071410.png,,,https://www.epa.gov/watersense/images/timeline071410.png,,,#117fb4,
2010,7,15,,,,,,"July 15, 2010",WaterSense Joins Twitter ,"Follow Flo and be the first to hear about exciting program news and fun facts.

https://twitter.com/epawatersense",https://www.epa.gov/sites/production/files/styles/large/public/ws-aboutus-timeline071510.png,,,https://www.epa.gov/watersense/images/timeline071510.png,,,#117fb4,
2010,10,8,,,,,,"October 8, 2010",And the Winners Are...,"<p>Congratulations to the <a href=""https://www.epa.gov/sites/production/files/2017-03/documents/ws-about-2010-awards-fact-sheet.pdf"" target=""_blank"">2010 WaterSense Partners of the Year</a>! (4 pp, 1MB, <a href=""https://www.epa.gov/epahome/pdf.html"" target=""_blank"">About PDF</a>) Read the <a href=""https://yosemite.epa.gov/opa/admpress.nsf/ec5b6cb1c087a2308525735900404445/069e3009ae452e5f85257649004d2ed4%21OpenDocument"" target=""_blank"">press release</a>.</p>",https://www.epa.gov/sites/production/files/styles/large/public/ws-aboutus-timeline100810.jpg,,,https://www.epa.gov/watersense/partners/2010banquet/MG_4965.jpg,,,#117fb4,
2010,11,23,,,,,,"November 23, 2010",First WaterSense Labeled New Homes!,"<p>WaterSense builder partner KB Home has constructed the first <a href=""https://www.epa.gov/watersense/homes"" target=""_blank"">WaterSense labeled new homes</a> in Roseville, California. Read the <a href=""https://yosemite.epa.gov/opa/admpress.nsf/d0cf6618525a9efb85257359003fb69d/9aa9a1db74be4a40852577e4006ca9b6%21OpenDocument"" target=""_blank"">press release</a>.</p>",https://www.epa.gov/sites/production/files/styles/large/public/ws-aboutus-timeline112310.jpg,,,https://www.epa.gov/watersense/images/springwood_community.jpg,,,#117fb4,
2011,1,1,,,,,,"January 1, 2011",2010 Accomplishments Report,"<p>Read more on how WaterSense helped save water in the <a href=""https://www.epa.gov/sites/production/files/2017-02/documents/ws-aboutus-2010-accomplishments.pdf"" target=""_blank"">2010 Accomplishments Report</a> (6 pp, 1.1MB, <a href=""https://www.epa.gov/epahome/pdf.html"" target=""_blank"">About PDF</a>).</p>",https://www.epa.gov/sites/production/files/styles/large/public/ws-aboutus-timeline010111.png,,,https://www.epa.gov/watersense/images/timeline010111.png,,,#117fb4,
2011,3,14,,,,,,"March 14, 2011",We're For Water—Join the Chase!,"<p>  WaterSense teamed up with the Arizona Municipal Water Users Association (AMWUA) to promote the third annual Fix a Leak Week, March 14-20, 2011. ",https://www.epa.gov/sites/production/files/styles/large/public/ws-aboutus-timeline031411.png,,,https://www.epa.gov/watersense/images/timeline031411.png,,,#117fb4,
2011,10,5,,,,,,"October 5, 2011",2011 Partner of the Year Awards,"<p>  EPA announced the <a href=""https://www.epa.gov/sites/production/files/2017-03/documents/ws-about-2011-awards-poy-fact-sheet.pdf"" target=""_blank"">2011 WaterSense Partners of the Year</a>  (4 pp, 535K, <a href=""https://www.epa.gov/epahome/pdf.html"" target=""_blank"">About PDF</a>) and celebrated an important milestone for WaterSense: the program&rsquo;s fifth anniversary.</p>",https://www.epa.gov/sites/production/files/styles/large/public/ws-aboutus-timeline100511.png,,,https://www.epa.gov/watersense/images/timeline100511.png,,,#117fb4,
2011,11,3,,,,,,"November 3, 2011",Irrigation Gets Smart,"<p><a href=""https://www.epa.gov/watersense/irrigation-controllers"" target=""_blank"">Irrigation controllers</a> are the first outdoor product eligible to earn the WaterSense label. </p>
",https://www.epa.gov/sites/production/files/styles/large/public/ws-aboutus-timeline110314.jpg,,,https://www.epa.gov/watersense/images/irrigation_controller.jpg,,,#117fb4,
2012,1,1,,,,,,"January 1, 2012",Celebrating 40 Years of Clean Water,"<p>2012 marks the 40th anniversary of the <a href=""https://water.epa.gov/action/cleanwater40c/"" target=""_blank"">Clean Water Act</a>, the nation's law for protecting our most irreplaceable resource. </p>",https://www.epa.gov/sites/production/files/styles/large/public/ws-aboutus-timeline010112.png,,,https://www.epa.gov/watersense/images/timeline010112.png,,,#117fb4,
2012,1,1,,,,,,"January 1, 2012",2011 Accomplishments Report,"<p>Read more on how WaterSense helped save water in the <a href=""https://www.epa.gov/sites/production/files/2017-02/documents/ws-aboutus-2011-accomplishments-3page.pdf"" target=""_blank"">2011 Accomplishments Report</a> (3 pp, 4.6MB, <a href=""https://www.epa.gov/epahome/pdf.html"" target=""_blank"">About PDF</a>).</p>",https://www.epa.gov/sites/production/files/styles/large/public/ws-aboutus-timeline010112_2.png,,,https://www.epa.gov/watersense/images/timeline010112_2.png,,,#117fb4,
2012,1,31,,,,,,"January 31, 2012",Welcome Water Savings to the Neighborhood!,"<p>zHome – the ultra-sustainable, 10-unit townhome development in Issaquah, WA that is redefining the future of housing – is also the <a href=""https://www.epa.gov/watersense/buying-and-selling""_blank"">first community in the nation in which every home has earned the WaterSense label for new homes</a>.</p>",https://www.epa.gov/sites/production/files/styles/large/public/ws-aboutus-timeline013112.jpg,,,https://www.epa.gov/watersense/images/zhome_labled.jpg,,,#117fb4,
2012,3,12,,,,,,"March 12, 2012",Fix a Leak Week 2012 was bigger than ever!,"<p>The2012 Fix a Leak Week was bigger than ever before! WaterSense teamed up with our partners to promote the fourth annual Fix a Leak Week, March 12-18, 2012.</p>",https://www.epa.gov/sites/production/files/styles/large/public/ws-aboutus-timeline031212.png,,,https://www.epa.gov/watersense/images/timeline031212.png,,,#117fb4,
2012,5,31,,,,,,"May 31, 2012",The First Irrigation Controller Earns the WaterSense Label,"<p>The first of many <a href=""https://www.epa.gov/watersense/irrigation-controllers"" target=""_blank"">WaterSense labeled weather-based irrigation controllers earns the WaterSense label</a>. </p>",https://www.epa.gov/sites/production/files/styles/large/public/ws-aboutus-timeline053112.jpg,,,https://www.epa.gov/watersense/images/irrigation_controller.jpg,,,#117fb4,
2012,10,4,,,,,,"October 4, 2012",2012 Partner of the Year Awards,"<p>Congratulations to the winners of the <a href=""https://www.epa.gov/sites/production/files/2017-03/documents/ws-about-2012-awards-fact-sheet.pdf"" target=""_blank"">2012 Partner of the Year Awards</a>!  (5 pp, 1MB, <a href=""https://www.epa.gov/epahome/pdf.html"" target=""_blank"">About PDF</a>). </p>",https://www.epa.gov/sites/production/files/styles/large/public/ws-aboutus-timeline100412.jpg,,,https://www.epa.gov/watersense/images/irrigation_controller.jpg,,,#117fb4,
2013,1,1,,,,,,"January 1, 2013",WaterSense Opens the Door to Label Units in Multi-Family Buildings!,"<p><a href=""https://www.epa.gov/watersense/watersense-labeled-homes"" target=""_blank"">Homes in multifamily buildings</a> are now eligible for the WaterSense label! </p>",https://epa.gov/sites/production/files/styles/large/public/2017-06/ws-aboutus-timeline010113.jpg,,,https://epa.gov/sites/production/files/styles/large/public/2017-06/ws-aboutus-timeline010113.jpg,,,#117fb4,
2013,1,1,,,,,,"January 1, 2013",2012 Accomplishments Report,"<p>Read more on how WaterSense helped save water in the <a href=""https://www.epa.gov/sites/production/files/2017-02/documents/ws-aboutus-2012-accomplishments-3page.pdf"" target=""_blank"">2012 Accomplishments Report</a>  (3 pp, 3.7MB, <a href=""https://www.epa.gov/epahome/pdf.html"" target=""_blank"">About PDF</a>).
</p>",https://www.epa.gov/sites/production/files/styles/large/public/ws-aboutus-timeline010113_2.png,,,https://www.epa.gov/watersense/images/timeline010113_2.png,,,#117fb4,
2013,3,18,,,,,,"March 18, 2013",Fix a Leak Week 2013!,<p>This year's Fix a Leak Week was the most successful yet! More than 30 events were coordinated by WaterSense partners across the U.S. and Canada to promote the importance of finding and fixing leaks in your home.</p>,https://www.epa.gov/sites/production/files/styles/large/public/ws-aboutus-timeline031813.png,,,https://www.epa.gov/watersense/images/timeline031813.png,,,#117fb4,
2013,4,8,,,,,,"April 8, 2013",Water-Smart Landscape Photo Contest,"<p>Over the course of the year, WaterSense collected hundreds of photos of water-smart landscapes. You can view all of these (and more!) in the <a href=""https://www.epa.gov/watersense/water-smart-landscape-photo-gallery-map-example"" target=""_blank"">Water-Smart Landscape Photo Gallery</a> in the Outdoor section of the website.</p>",https://www.epa.gov/sites/production/files/styles/large/public/ws-aboutus-timeline040813.png,,,https://www.epa.gov/watersense/images/timeline040813.png,,,#117fb4,
2013,9,19,,,,,,"September 19, 2013",Pre-Rinse Spray Valve Specification Release,"<p>The final <a href=""https://www.epa.gov/watersense/pre-rinse-spray-valves"" target=""_blank"">WaterSense Specification for Commercial Pre-Rinse Spray Valves (PRSVs)</a> was released! Manufacturers whose products meet the specification may use both the WaterSense and ENERGY STAR labels to highlight the efficiencies of those models.</p>",https://www.epa.gov/sites/production/files/styles/large/public/ws-aboutus-timeline091913.png,,,https://www.epa.gov/watersense/images/timeline091913.png,,,#117fb4,
2013,10,3,,,,,,"October 3, 2013",2013 Partner of the Year Awards,"<p>Congratulations to the winners of the <a href=""https://www.epa.gov/sites/production/files/2017-03/documents/ws-about-2013-awards-fact-sheet.pdf"" target=""_blank"">2013 Partner of the Year Awards</a>!  (6 pp, 2MB, <a href=""https://www.epa.gov/epahome/pdf.html"" target=""_blank"">About PDF</a>). </p>",https://www.epa.gov/sites/production/files/styles/large/public/ws-aboutus-timeline100313.jpg,,,https://www.epa.gov/watersense/images/front_page/banners/banner_poy2013.jpg,,,#117fb4,
2014,1,1,,,,,,"January 1, 2014",2013 Accomplishments Report,"<p>2013 was WaterSense's best year yet! 
Read more on how WaterSense helped save water in the <a href=""https://www.epa.gov/sites/production/files/2017-02/documents/ws-aboutus-2013-accomplishments-3page.pdf"" target=""_blank"">2013 Accomplishments Report</a> (3 pp, 818K, <a href=""https://www.epa.gov/epahome/pdf.html"" target=""_blank"">About PDF</a>). </p>",https://www.epa.gov/sites/production/files/styles/large/public/ws-aboutus-timeline010114.png,,,https://www.epa.gov/watersense/images/timeline010114.png,,,#117fb4,
2014,2,5,,,,,,"February 5, 2014",H2Otel Challenge Launch!,"<p> EPA launched the <a href=""https://www.epa.gov/watersense/h2otel-challenge"" target=""_blank"">WaterSense H2Otel Challenge</a> in order to encourage hotels to evaluate their water use and adopt water-saving products and best management practices. </p>",https://www.epa.gov/sites/production/files/styles/large/public/ws-aboutus-timeline020514.jpg,,,https://www.epa.gov/sites/production/files/styles/large/public/ws-aboutus-timeline020514.jpg,,,#117fb4,
2014,3,4,,,,,,"March 4, 2014",First issue of the WaterSense Blueprint!,"<p>The <a href=""https://www.epa.gov/watersense/watersense-blueprint"" target=""_blank"">WaterSense Blueprint</a> is a new quarterly newsletter focused on bringing the latest information and updates on the WaterSense New Homes program. </p>",https://www.epa.gov/sites/production/files/styles/large/public/ws-aboutus-timeline030414.png,,,https://www.epa.gov/watersense/images/timeline030414.png,,,#117fb4,
2014,3,4,,,,,,"March 17, 2014",Fix a Leak Week,"<p>This year, WaterSense partners from across the U.S. and Canada <a href=""https://epa.gov/sites/production/files/2017-03/documents/ws-ourwater-falw-campaign-summary-2014.pdf"" target=""_blank"">joined EPA in the race to chase down leaks</a> (4 pp, 4MB, <a href=""https://www.epa.gov/epahome/pdf.html"" target=""_blank"">About PDF</a>). More than 50 events (that we know of!) were hosted by WaterSense partners. </p>",https://www.epa.gov/sites/production/files/styles/large/public/ws-aboutus-timeline031714.jpg,,,https://www.epa.gov/sites/production/files/styles/large/public/ws-aboutus-timeline031714.jpg,,,#117fb4,
2014,5,1,,,,,,"May 1, 2014",Sprinkler Spruce-Up,"<p>Did you know as much as 50% of the water we use outdoors is wasted from inefficient watering methods and systems?! <a href=""https://www.epa.gov/watersense/watering-tips"" target=""_blank"">Sprinkler Spruce-Up</a> is a WaterSense campaign to help homeowners make sure their watering systems are working properly before they ramp up their watering during the warmer months. </p>",https://www.epa.gov/sites/production/files/styles/large/public/ws-aboutus-timeline050114.png,,,https://www.epa.gov/watersense/images/timeline050114.png,,,#117fb4,
2014,10,1,,,,,,"October 1, 2014",Shower Better,"<p>Just in time for National Energy Action Month, our <a href=""https://www.epa.gov/watersense/shower-better"" target=""_blank"">Shower Better</a> campaign runs the entire month of October! We know that cutting down time in the shower can be hard to do, but Americans can &quot;shower better&quot; by switching out old showerheads for WaterSense labeled models. </p>",https://www.epa.gov/sites/production/files/styles/large/public/ws-aboutus-timeline100114.jpg,,,https://www.epa.gov/sites/production/files/styles/large/public/ws-aboutus-timeline100114.jpg,,,#117fb4,
2014,10,9,,,,,,"October 9, 2014",2014 Partner of the Year Awards,"<p>Congratulations to the winners of the <a href=""https://www.epa.gov/sites/production/files/2017-03/documents/ws-about-2014-awards-fact-sheet.pdf"" target=""_blank"">2014 Partner of the Year Awards</a>!  (7 pp, 2MB, <a href=""https://www.epa.gov/epahome/pdf.html"" target=""_blank"">About PDF</a>). </p>",https://www.epa.gov/sites/production/files/styles/large/public/ws-aboutus-timeline100914.jpg,,,https://www.epa.gov/sites/production/files/styles/large/public/ws-aboutus-timeline100914.jpg,,,#117fb4,
2015,1,1,,,,,,"January 1, 2015",2014 Accomplishments,"<p>2014 was another great year for WaterSense!
Read more on how WaterSense helped save water in the <a href=""https://www.epa.gov/sites/production/files/2017-02/documents/ws-aboutus-2014-accomplishments-3page.pdf"" target=""_blank"">2014 Accomplishments Report</a> (3 pp, 817.8K, <a href=""https://www.epa.gov/epahome/pdf.html"" target=""_blank"">About PDF</a>). </p>",https://www.epa.gov/sites/production/files/styles/large/public/ws-aboutus-timeline010115.jpg,,,https://www.epa.gov/sites/production/files/styles/large/public/ws-aboutus-timeline010115.jpg,,,#117fb4,
2015,3,16,,,,,,"March 16, 2015",Fix a Leak Week,"<p>For the seventh year running, WaterSense partners from across the U.S. and Canada joined EPA in the race to chase down leaks! Participation in <a href=""https://epa.gov/sites/production/files/2017-03/documents/ws-ourwater-falw-campaign-summary-2015.pdf"" target=""_blank""> Fix a Leak Week 2015</a> (4 pp, 4MB, <a href=""https://www.epa.gov/epahome/pdf.html"" target=""_blank"">About PDF</a>) has continued to grow year after year, and 2015 was no exception. </p>",https://www.epa.gov/sites/production/files/styles/large/public/ws-aboutus-timeline031615.png,,,https://www.epa.gov/watersense/images/timeline031615.png,,,#117fb4,
2015,3,16,,,,,,"March 16, 2015",Flo Debuts in Video,<p>Flo debuts in her first animated video to show how to find and fix leaks. <p>,https://youtu.be/JFUr__lDERo,,,,,,#117fb4,
2015,5,2,,,,,,"May 2, 2015",Sprinkler Spruce-Up Video,"<p>Joe the Pro joins Flo in the 2nd animated video to remind people to spruce-up your irrigation system with 4 simple steps—inspect, connect, direct, and select.<p>",https://youtu.be/JSnyTJlkW9Y,,,,,,#117fb4,
2015,7,17,,,,,,"July 17, 2015",#WaterSaving Yard,"<p>During our <a href=""https://www.epa.gov/watersense/landscape-photo-challenges"" target=""_blank"">#watersaving yard photo challenge</a> we received submissions showcasing how beautiful a water saving yard can be!<p>",https://www.epa.gov/sites/production/files/styles/large/public/ws-aboutus-timeline071715.jpg,,,,,,#117fb4,
2015,8,1,,,,,,"August 1, 2015",When In Drought (Or Not) Video,<p>Flo is joined by her dog in this video showcasing what you can do during a drought or just during the hot summer months to save water.<p>,https://youtu.be/iT6GmOsjil4,,,,,,#117fb4,
2015,10,1,,,,,,"October 1, 2015",Shower Better Video,"<p>In Flo's last video for 2015, Flo describes what you can do to save water in the shower.<p>",https://youtu.be/gJNiHhXSjm8,,,,,,#117fb4,
2015,10,8,,,,,,"October 8, 2015",2015 Partner of the Year Awards,"<p>Congratulations to the winners of the <a href=""https://www.epa.gov/sites/production/files/2017-03/documents/ws-about-2015-awards-fact-sheet.pdf"" target=""_blank"">2015 Partner of the Year Awards</a>! (8 pp, 2MB, <a href=""https://www.epa.gov/epahome/pdf.html"" target=""_blank"">About PDF</a>). </p>",https://www.epa.gov/sites/production/files/styles/large/public/ws-aboutus-timeline100815.jpg,,,https://www.epa.gov/sites/production/files/styles/large/public/ws-aboutus-timeline100815.jpg,,,#117fb4,
2015,12,17,,,,,,"December 17, 2015",Flushometer-Valve Toilet Spec Release,"<p>To help commercial facilities become more water–efficient, WaterSense has released a <a href=""https://www.epa.gov/watersense/commercial-toilets"" target=""_blank""> Specification for Flushometer–Valve Water Closets</a>. </p>",https://www.epa.gov/sites/production/files/styles/large/public/ws-aboutus-timeline121715.png,,,https://www.epa.gov/sites/production/files/styles/large/public/ws-aboutus-timeline121715.png,,,#117fb4,WaterSense was launched in June 2006 and since that time we’ve seen the number of our partners and labeled products grow and grow
2016,1,1,,,,,,"January 1, 2016",2015 Accomplishments,"WaterSense partners went big this year with savings. Read more on how WaterSense helped save water in the <a href=""https://www.epa.gov/sites/production/files/2017-01/documents/ws-aboutus-2015-accomplishments-3page.pdf"" target=""_blank"">2015 Accomplishments Report</a> (3 pp, 2.7MB, <a href=""https://www.epa.gov/epahome/pdf.html"" target=""_blank"">About PDF</a>). </p>",https://www.epa.gov/sites/production/files/styles/large/public/ws-aboutus-timeline010116.jpg,,,https://www.epa.gov/sites/production/files/styles/large/public/ws-aboutus-timeline010116.jpg,,,#117fb4,
2016,3,14,,,,,,"March 14, 2016",Fix A Leak Week 2016,"<p>Leak Detectives were in full force for the eighth annual <a href=""https://www.epa.gov/sites/production/files/2017-02/documents/ws-ourwater-falw-campaign-summary-2016.pdf"" target=""_blank"">Fix a Leak Week</a> (8 pp, 2MB, <a href=""https://www.epa.gov/epahome/pdf.html"" target=""_blank"">About PDF</a>).</p> WaterSense partners across the country held over 60 events from 5Ks to workshops and giveaways. ",https://www.epa.gov/sites/production/files/styles/large/public/ws-aboutus-timeline031416.jpg,,,https://www.epa.gov/sites/production/files/styles/large/public/ws-aboutus-timeline031416.jpg,,,#117fb4,
2016,6,12,,,,,,"June 12, 2016",10 Years of WaterSense,WaterSense was launched in June 2006 and since that time we’ve seen the number of our partners and labeled products grow and grow.  Working hard to save water for future generations!,https://www.epa.gov/sites/production/files/styles/large/public/2017-04/ws-aboutus-timeline61216.png,,,https://www.epa.gov/file/ws-aboutus-timeline61216,,,#117fb4,
2016,10,6,,,,,,"October 6, 2016",2016 Partner of the Year Awards,"<p>Awarding our highest honors as <a href=""https://www.epa.gov/watersense/watersense-awards"" target=""_blank"">Partners of the Year</a>, we celebrated the partners who gave us their best in advancing and promoting WaterSense and water efficiency.</p>",https://www.epa.gov/sites/production/files/styles/large/public/ws-aboutus-timeline100616.jpg,,,https://www.epa.gov/sites/production/files/styles/large/public/ws-aboutus-timeline100616.jpg,,,#117fb4,
2017,1,1,,,,,,"January 1, 2017",2016 Accomplishments,"WaterSense labeled products have helped saved a cumulative 2.1 trillion gallons of water since 2006!  That's more than the amount of water used by all U.S. households for 75 days! Read the full <a href =""https://www.epa.gov/sites/production/files/2017-06/documents/ws-aboutus-2016-accomplishments-single-pages.pdf""target=""_blank""> 2016 Accomplishments Report </a> (8 pp, 6MB, <a href=""https://www.epa.gov/epahome/pdf.html"" target=""_blank"">About PDF</a>).",https://epa.gov/sites/production/files/styles/large/public/2017-06/ws-aboutus-timeline010117.jpg,,,https://epa.gov/sites/production/files/styles/large/public/2017-06/ws-aboutus-timeline010117.jpg,,,#117fb4,
2017,3,20,,,,,,"March 20, 2017",Fix A Leak Week 2017,"WaterSense partners across the U.S. and Canada joined EPA in the ninth annual <a href=""https://epa.gov/sites/production/files/2017-06/documents/ws-ourwater-falw-campaign-summary-2017.pdf"" target=""_blank""> Fix a Leak Week</a> (2 pp, 523 K, <a href=""https://www.epa.gov/epahome/pdf.html"" target=""_blank"">About PDF</a>).",https://epa.gov/sites/production/files/styles/large/public/2017-06/ws-aboutus-timeline032017.jpg,,,https://epa.gov/sites/production/files/styles/large/public/2017-06/ws-aboutus-timeline032017.jpg,,,#117fb4,
2017,9,21,,,,,,"September 21, 2017",SPRAY SPRINKLER BODIES SPEC RELEASE,"<p>We’re saying goodbye to excessive flow rates, misting, fogging, and uneven coverage in <a href=""https://www.epa.gov/watersense/spray-sprinkler-bodies"" target=""_blank"">landscape irrigation sprinklers</a>. </p>",https://www.epa.gov/sites/production/files/styles/medium/public/2017-02/ws-products-sprinkler-with-pressure-regulation.jpg,,,https://www.epa.gov/sites/production/files/styles/medium/public/2017-02/ws-products-sprinkler-with-pressure-regulation.jpg,,,#117fb4,
2017,10,5,,,,,,"October 5, 2017",PARTNER OF THE YEAR AWARDS 10th GATHERING,"<p>Presenting 2017’s Sustained Excellence, Partners of the Year, and Excellence <a href=""https://www.epa.gov/watersense/watersense-awards"" target=""_blank"">Award winners</a>. </p>",https://epa.gov/sites/production/files/styles/medium/public/2017-10/ws-2017-awards-wslogo-poy.png,,,https://epa.gov/sites/production/files/styles/medium/public/2017-10/ws-2017-awards-wslogo-poy.png,,,#117fb4,
2017,10,9,,,,,,"October 9, 2017",Introducing the EPA Water Score for Multifamily Housing,"<p>Property managers can now generate an EPA 1–100  <a href=""https://www.epa.gov/watersense/water-score-multifamily-housing"" target=""_blank"">water score</a> to evaluate water consumption of a whole multifamily property.</p>",https://epa.gov/sites/production/files/styles/large/public/2017-09/ws-commercialbuildings-waterscore-es-portfolio-manager-logo.png,,,https://epa.gov/sites/production/files/styles/large/public/2017-09/ws-commercialbuildings-waterscore-es-portfolio-manager-logo.png,,,#117fb4,
2017,8,1,,,,,,"August 1, 2017","""Demonstrated Success""","The Office of Inspector General (OIG) publishes a report, <a href=""https://www.epa.gov/office-inspector-general/report-epas-voluntary-watersense-program-demonstrated-success"" target=""_blank""> “EPA’s Voluntary WaterSense Program Demonstrated Success,” </a> which calls WaterSense a sound model for voluntary programs.",https://www.epa.gov/sites/production/files/styles/small/public/2017-01/ws-aboutus-lookfor-logo.png,,,,,,,
2018,1,1,,,,,,"January 1, 2018",2017 Accomplishments,"Through the end of 2017, WaterSense has helped Americans save a cumulative 2.7 trillion gallons of water! Read <a href =https://www.epa.gov/sites/production/files/2018-06/documents/ws-aboutus-2017-accomplishments_0.pdf target=""_blank"">  the 2017 Accomplishments Report </a> (3 pp, 8MB, <a href=""https://www.epa.gov/epahome/pdf.html"" target=""_blank"">About PDF</a>).",https://www.epa.gov/sites/production/files/styles/medium/public/2018-06/ws-aboutus-2017-gallons-saved.jpg,,,,,,,
2018,2,15,,,,,,"February 15, 2018",Version 2.0 WaterSense Homes,"WaterSense releases a Notice of Intent (NOI) to develop <a href =https://www.epa.gov/watersense/homes-specification#HomeNOI target=""_blank""> version 2.0</a> of the specification and certification requirements for WaterSense labeled homes.",https://www.epa.gov/sites/production/files/styles/large/public/2017-02/springwood_community.jpg,,,,,,,
2018,3,19,,,,,,"March 19, 2018",EPA's 10th annual Fix a Leak Week,"Fix a Leak Week 2018 featured events including festivals, races, giveaways, and workshops hosted by WaterSense partners across the nation and Canada. Read the <a href =https://www.epa.gov/sites/production/files/2018-08/documents/ws-ourwater-falw-campaign-summary-2018.pdf target=""_blank""> campaign summary</a> (2 pp, 132K, <a href=""https://www.epa.gov/epahome/pdf.html"" target=""_blank"">About PDF</a>).",https://www.epa.gov/sites/production/files/styles/medium/public/2017-12/ws-ourwater-current-winter-2018-metropolitan-north-georgia-water-planning-district.jpg,,,,,,,
2018,10,4,,,,,,"October 4, 2018",2018 Partner of the Year Awards,"Meet the nine Sustained Excellence Award winners, four WaterSense Partners of the Year, and eight Excellence Award winners who help advance and promote <a href =https://www.epa.gov/watersense/watersense-awards target=""_blank""> WaterSense and water efficiency</a>.",https://www.epa.gov/sites/production/files/styles/large/public/2018-10/flo_2018_awards.jpg,,,,,,,
2018,10,23,,,,,,"October 23, 2018",WaterSense Authorization,America’s Water Infrastructure Act is signed into law which includes the formal authorization of the Environmental Protection Agency’s WaterSense program. The act transitions WaterSense from a “discretionary” program to federal legal status.,https://www.epa.gov/sites/production/files/styles/small/public/2017-01/ws-aboutus-watersense-logo.png,,,,,,,
2019,1,1,,,,,,"January 1, 2019",Sunset of Pre-Rinse Spray Valves,WaterSense continues to fulfil its mission to transform the marketplace with the addition of the new U.S. Department of Energy rule requiring Pre-Rinse Spray Valves (PRSVs) sold in the U.S. to meet or exceed the WaterSense efficiency criteria. WaterSense sunsets its PRSV specification.,https://www.epa.gov/sites/production/files/styles/small/public/2017-01/ws-products-prsv-photo.jpg,,,,,,,
2019,3,18,,,,,,"March 18, 2019",Fix a Leak Week,"WaterSense partners across the U.S. and Canada will be joining EPA in the annual <a href =https://www.epa.gov/watersense/fix-leak-week target=""_blank"">Fix a Leak Week</a>.",https://www.epa.gov/sites/production/files/styles/medium/public/2017-02/ws-ourwater-national-leaks.png,,,,,,,